model,mae,mse,rmse,r2,mape
linear,95392.11120499372,11090856184.84357,105313.13396174084,0.9994239240832742,0.028492101287313994
ridge,157773.7752427101,37418560244.934654,193438.77647704107,0.9980564231438581,0.047221228065242295
prophet,899763.4541146994,875815135596.5198,935849.9535697588,0.9545088315354244,0.2693157409153979
xgb,2314570.8,6909486286114.8,2628590.17081682,0.6411107871169199,0.6966429245763727
